PRODUCTO,PRECIO,PRECIO DE PROMOCION,DISPONIBILIDAD
Colchón 1 Plaza Espuma Telgo Vida (080x190),221998.0,110999.0,No Disponible
Colchón 1 Plaza Resorte Telgo Dorado (080x190),269998.0,134999.0,No Disponible
Colchón 2 Plazas Espuma Telgo Vida (140x190),363998.0,181999.0,No Disponible
Sommier 1 Plaza Espuma Telgo Vida (080x190),377998.0,188999.0,No Disponible
Colchón 1 Plaza Espuma Meyer Salud (080x190),389998.0,194999.0,No Disponible
Colchón 2 Plazas Resorte Telgo Dorado (140x190),411998.0,205999.0,No Disponible
Sommier 1 Plaza Resorte Telgo Dorado (080x190),437998.0,218999.0,No Disponible
Colchón 1 Plaza Resorte Sealy Linen (080x190),509998.0,254999.0,No Disponible
Colchón en Caja 1 Plaza Espuma Sealy Chill Box (080x190),555998.0,277999.0,No Disponible
Sommier 2 Plazas Espuma Telgo Vida (140x190),583998.0,291999.0,No Disponible
Sommier 1 Plaza Espuma Meyer Salud (080x190),613998.0,306999.0,No Disponible
Colchón 2 Plazas Espuma Meyer Salud (140x190),621998.0,310999.0,No Disponible
Sommier 2 Plazas Resorte Telgo Dorado (140x190),633998.0,316999.0,No Disponible
Colchón 2 Plazas Resorte Sealy Linen (140x190),785998.0,392999.0,No Disponible
Sommier y Colchón en Caja 1 Plaza Espuma Sealy Chill Box (080x190),789998.0,394999.0,No Disponible
Sommier 1 Plaza Resorte Bonnell Sealy Linen (080x190),803998.0,401999.0,No Disponible
Colchón en Caja 2 Plazas Espuma Sealy Chill Box (140x190),869998.0,434999.0,No Disponible
Colchón 2 Plazas Resorte Bedtime Exotic Euro (140x190),937998.0,468999.0,No Disponible
Sommier 2 Plazas Espuma Meyer Salud (140x190),939998.0,469999.0,No Disponible
Colchón 2 Plazas Espuma Bedtime Serenity Euro (140x190),971998.0,485999.0,No Disponible
Colchón 2 Plazas Resorte Pocket Meyer Devas (140x190),1105998.0,552999.0,No Disponible
Colchón 2 Plazas Espuma Sealy Field (140x190),1159998.0,579999.0,No Disponible
Sommier 2 Plazas Resorte Bonnell Sealy Linen (140x190),1199998.0,599999.0,No Disponible
Sommier y Colchón en Caja 2 Plazas Espuma Sealy Chill Box (140x190),1199998.0,599999.0,No Disponible
,1391998.0,695999.0,No Disponible
Sommier 2 Plazas Resorte Bedtime Exotic Euro (140x190),1395998.0,697999.0,No Disponible
Sommier 2 Plazas Espuma Bedtime Serenity Euro (140x190),1409998.0,704999.0,No Disponible
Colchón 2 Plazas Resorte Sealy Sunshine (140x190),1499998.0,749999.0,No Disponible
Sommier y Colchón en Caja 2 Plazas y Media Espuma Sealy Chill Box (160x200),1499998.0,749999.0,No Disponible
Sommier 2 Plazas Resorte Pocket Meyer Devas (140x190),1539998.0,769999.0,No Disponible
Sommier 2 Plazas y media Resorte Bonnell Sealy Linen (160x200),1671998.0,835999.0,No Disponible
Sommier King Resorte Bonnell Sealy Linen (180x200),1753998.0,876999.0,No Disponible
Colchón 2 Plazas y Media Resorte Sealy Sunshine (160x200),1791998.0,895999.0,No Disponible
Sommier y Colchón en Caja King Espuma Sealy Chill Box (200x200),1821998.0,910999.0,No Disponible
Sommier King Resorte Bonnell Sealy Linen (200x200),1925998.0,962999.0,No Disponible
Sommier 2 Plazas Resorte Sealy Sunshine (140x190),2499998.0,1249999.0,No Disponible
Sommier 2 Plazas Espuma Sealy Woods (140x190),2623998.0,1311999.0,No Disponible
